"YourAutoDate","Updated Date","Key Word","English Standard"
2022-10-19T06:07:50.000Z,11/30/2018,"a.v.p.","Assistant Vice President"
2022-10-19T06:07:50.000Z,11/30/2018,"acc","Account"
2022-10-19T06:07:50.000Z,11/30/2018,"accountdirector","Account Director"
2022-10-19T06:07:50.000Z,11/30/2018,"acc.","Account"
2022-10-19T06:07:50.000Z,11/30/2018,"accountent","Accountant"
2022-10-19T06:07:50.000Z,11/30/2018,"acccount","Account"
2022-10-19T06:07:50.000Z,11/30/2018,"accountexecutive","Account Executive"
2022-10-19T06:07:50.000Z,11/30/2018,"acccountant","Accountant"
2022-10-19T06:07:50.000Z,11/30/2018,"accountnt","Accountant"
2022-10-19T06:07:50.000Z,11/30/2018,"acccoutent","Accountant"
2022-10-19T06:07:50.000Z,11/30/2018,"accoutant","Accountant"
2022-10-19T06:07:50.000Z,11/30/2018,"account","Account"
2022-10-19T06:07:50.000Z,11/30/2018,"accoutn","Accountant"
2022-10-19T06:07:50.000Z,11/30/2018,"accountant","Accountant"
2022-10-19T06:07:50.000Z,11/30/2018,"acct.","Account"
2022-10-19T06:07:50.000Z,11/30/2018,"accountexec","Account Executive"
2022-10-19T06:07:50.000Z,11/30/2018,"acountant","Accountant"
2022-10-19T06:07:50.000Z,11/30/2018,"accountmanager","Account Manager"
2022-10-19T06:07:50.000Z,11/30/2018,"adm.","Administrator"
2022-10-19T06:07:50.000Z,11/30/2018,"accoutant","Accountant"
2022-10-19T06:07:50.000Z,11/30/2018,"administrater","Administrator"
2022-10-19T06:07:50.000Z,11/30/2018,"acct","Account"
2022-10-19T06:07:50.000Z,11/30/2018,"administratr","Administrator"
2022-10-19T06:07:50.000Z,11/30/2018,"achitect","Architect"
2022-10-19T06:07:50.000Z,11/30/2018,"adminstrator","Administrator"
2022-10-19T06:07:50.000Z,11/30/2018,"acount","Account"
2022-10-19T06:07:50.000Z,11/30/2018,"adminstratr","Administrator"
2022-10-19T06:07:50.000Z,11/30/2018,"acountent","Accountant"
2022-10-19T06:07:50.000Z,11/30/2018,"admintr","Administrator"
2022-10-19T06:07:50.000Z,11/30/2018,"adm","Administrator"
2022-10-19T06:07:50.000Z,11/30/2018,"adviser","Advisor"
2022-10-19T06:07:50.000Z,11/30/2018,"admimstrator","Administrator"
2022-10-19T06:07:50.000Z,11/30/2018,"advisr","Advisor"
2022-10-19T06:07:50.000Z,11/30/2018,"admin","Administrator"
2022-10-19T06:07:50.000Z,11/30/2018,"ae","Account Executive"
2022-10-19T06:07:50.000Z,11/30/2018,"admin.","Administrator"
2022-10-19T06:07:50.000Z,11/30/2018,"analayst","Analyst"
2022-10-19T06:07:50.000Z,11/30/2018,"administrator","Administrator"
2022-10-19T06:07:50.000Z,11/30/2018,"architact","Architect"
2022-10-19T06:07:50.000Z,11/30/2018,"adr","Account Development Representative"
2022-10-19T06:07:50.000Z,11/30/2018,"archtect","Architect"
2022-10-19T06:07:50.000Z,11/30/2018,"adulter","Auditor"
2022-10-19T06:07:50.000Z,11/30/2018,"arch.","Architect"
2022-10-19T06:07:50.000Z,11/30/2018,"advisor","Advisor"
2022-10-19T06:07:50.000Z,11/30/2018,"arkitect","Architect"
2022-10-19T06:07:50.000Z,11/30/2018,"AGM","Assistant General Manager"
2022-10-19T06:07:50.000Z,11/30/2018,"asociate","Associate"
2022-10-19T06:07:50.000Z,11/30/2018,"AM","Account Manager"
2022-10-19T06:07:50.000Z,11/30/2018,"ass","Assistant"
2022-10-19T06:07:50.000Z,11/30/2018,"analist","Analyst"
2022-10-19T06:07:50.000Z,11/30/2018,"assist.","Assistant"
2022-10-19T06:07:50.000Z,11/30/2018,"analst","Analyst"
2022-10-19T06:07:50.000Z,11/30/2018,"assoc.","Associate"
2022-10-19T06:07:50.000Z,11/30/2018,"analyist","Analyst"
2022-10-19T06:07:50.000Z,11/30/2018,"assocate","Associate"
2022-10-19T06:07:50.000Z,11/30/2018,"analysist","Analyst"
2022-10-19T06:07:50.000Z,11/30/2018,"associate","Associate"
2022-10-19T06:07:50.000Z,11/30/2018,"analyst","Analyst"
2022-10-19T06:07:50.000Z,11/30/2018,"associte","Associate"
2022-10-19T06:07:50.000Z,11/30/2018,"analyst","Analyst"
2022-10-19T06:07:50.000Z,11/30/2018,"assoiat","Associate"
2022-10-19T06:07:50.000Z,11/30/2018,"architect","Architect"
2022-10-19T06:07:50.000Z,11/30/2018,"asst.","Assistant"
2022-10-19T06:07:50.000Z,11/30/2018,"arch","Architect"
2022-10-19T06:07:50.000Z,11/30/2018,"atorney","Attorney"
2022-10-19T06:07:50.000Z,11/30/2018,"ass.","Assistant"
2022-10-19T06:07:50.000Z,11/30/2018,"attorney","Attorney"
2022-10-19T06:07:50.000Z,11/30/2018,"assist","Assistant"
2022-10-19T06:07:50.000Z,11/30/2018,"attorny","Attorney"
2022-10-19T06:07:50.000Z,11/30/2018,"assistant","Assistant"
2022-10-19T06:07:50.000Z,11/30/2018,"auditor","Auditor"
2022-10-19T06:07:50.000Z,11/30/2018,"assoc","Associate"
2022-10-19T06:07:50.000Z,11/30/2018,"audtor","Auditor"
2022-10-19T06:07:50.000Z,11/30/2018,"associate","Associate"
2022-10-19T06:07:50.000Z,11/30/2018,"avp","Assistant Vice President"
2022-10-19T06:07:50.000Z,11/30/2018,"asssociate","Associate"
2022-10-19T06:07:50.000Z,11/30/2018,"BA","Business Analyst"
2022-10-19T06:07:50.000Z,11/30/2018,"asst","Assistant"
2022-10-19T06:07:50.000Z,11/30/2018,"BDM","Business Development Manager"
2022-10-19T06:07:50.000Z,11/30/2018,"atorny","Attorney"
2022-10-19T06:07:50.000Z,11/30/2018,"book-keeper","Bookkeeper"
2022-10-19T06:07:50.000Z,11/30/2018,"auditer","Auditor"
2022-10-19T06:07:50.000Z,11/30/2018,"bookkeeper","Bookkeeper"
2022-10-19T06:07:50.000Z,11/30/2018,"auditr","Auditor"
2022-10-19T06:07:50.000Z,11/30/2018,"c c o","Chief Commercial Officer"
2022-10-19T06:07:50.000Z,11/30/2018,"bd","Business Development"
2022-10-19T06:07:50.000Z,11/30/2018,"c d o","Chief Data Officer"
2022-10-19T06:07:50.000Z,11/30/2018,"bdr","Business Development Representative"
2022-10-19T06:07:50.000Z,11/30/2018,"c e o","Chief Executive Officer"
2022-10-19T06:07:50.000Z,11/30/2018,"book keeper","Bookkeeper"
2022-10-19T06:07:50.000Z,11/30/2018,"c i o","Chief Information Officer"
2022-10-19T06:07:50.000Z,11/30/2018,"c f a","Certified Financial Advisor"
2022-10-19T06:07:50.000Z,11/30/2018,"c i s o","Chief Information Security Officer"
2022-10-19T06:07:50.000Z,11/30/2018,"c f o","Chief Financial Officer"
2022-10-19T06:07:50.000Z,11/30/2018,"c m o","Chief Marketing Officer"
2022-10-19T06:07:50.000Z,11/30/2018,"c t o","Chief Technology Officer"
2022-10-19T06:07:50.000Z,11/30/2018,"c o o","Chief Operating Officer"
2022-10-19T06:07:50.000Z,11/30/2018,"c.f.o.","Chief Financial Officer"
2022-10-19T06:07:50.000Z,11/30/2018,"c p a","Certified Public Accountant"
2022-10-19T06:07:50.000Z,11/30/2018,"c.i.s.o.","Chief Information Security Officer"
2022-10-19T06:07:50.000Z,11/30/2018,"c p o","Chief Procurement Officer"
2022-10-19T06:07:50.000Z,11/30/2018,"c.o.o.","Chief Operating Officer"
2022-10-19T06:07:50.000Z,11/30/2018,"c r o","Chief Revenue Officer"
2022-10-19T06:07:50.000Z,11/30/2018,"c.r.o.","Chief Revenue Officer"
2022-10-19T06:07:50.000Z,11/30/2018,"c s o","Chief Sales Officer"
2022-10-19T06:07:50.000Z,11/30/2018,"c.s.o.","Chief Sales Officer"
2022-10-19T06:07:50.000Z,11/30/2018,"c.c.o.","Chief Commercial Officer"
2022-10-19T06:07:50.000Z,11/30/2018,"capt","Captain"
2022-10-19T06:07:50.000Z,11/30/2018,"c.d.o.","Chief Data Officer"
2022-10-19T06:07:50.000Z,11/30/2018,"captin","Captain"
2022-10-19T06:07:50.000Z,11/30/2018,"c.e.o.","Chief Executive Officer"
2022-10-19T06:07:50.000Z,11/30/2018,"captn","Captain"
2022-10-19T06:07:50.000Z,11/30/2018,"c.f.a.","Certified Financial Advisor"
2022-10-19T06:07:50.000Z,11/30/2018,"CCO","Chief Commercial Officer"
2022-10-19T06:07:50.000Z,11/30/2018,"c.i.o.","Chief Information Officer"
2022-10-19T06:07:50.000Z,11/30/2018,"cfo","Chief Financial Officer"
2022-10-19T06:07:50.000Z,11/30/2018,"c.m.o.","Chief Marketing Officer"
2022-10-19T06:07:50.000Z,11/30/2018,"Chief Data Officer CDO","Chief Data Officer"
2022-10-19T06:07:50.000Z,11/30/2018,"c.p.a.","Certified Public Accountant"
2022-10-19T06:07:50.000Z,11/30/2018,"Chief Executive Officer (CEO)","Chief Executive Officer"
2022-10-19T06:07:50.000Z,11/30/2018,"c.p.o.","Chief Procurement Officer"
2022-10-19T06:07:50.000Z,11/30/2018,"Chief Financial Officer CFO","Chief Financial Officer"
2022-10-19T06:07:50.000Z,11/30/2018,"c.t.o.","Chief Technology Officer"
2022-10-19T06:07:50.000Z,11/30/2018,"Chief Information Officer (CIO)","Chief Information Officer"
2022-10-19T06:07:50.000Z,11/30/2018,"captain","Captain"
2022-10-19T06:07:50.000Z,11/30/2018,"Chief Information Officer CIO","Chief Information Officer"
2022-10-19T06:07:50.000Z,11/30/2018,"captan","Captain"
2022-10-19T06:07:50.000Z,11/30/2018,"Chief Medical Information Officer CMIO","Chief Medical Information Officer"
2022-10-19T06:07:50.000Z,11/30/2018,"cdo","Chief Data Officer"
2022-10-19T06:07:50.000Z,11/30/2018,"Chief Operating Officer (COO)","Chief Operating Officer"
2022-10-19T06:07:50.000Z,11/30/2018,"ceo","Chief Executive Officer"
2022-10-19T06:07:50.000Z,11/30/2018,"Chief Procurement Officer CPO","Chief Procurement Officer"
2022-10-19T06:07:50.000Z,11/30/2018,"cfa","Certified Financial Advisor"
2022-10-19T06:07:50.000Z,11/30/2018,"Chief Revenue Officer (CRO)","Chief Revenue Officer"
2022-10-19T06:07:50.000Z,11/30/2018,"Chief Data Officer (CDO)","Chief Data Officer"
2022-10-19T06:07:50.000Z,11/30/2018,"Chief Sales Officer (CSO)","Chief Sales Officer"
2022-10-19T06:07:50.000Z,11/30/2018,"Chief Executive Officer CEO","Chief Executive Officer"
2022-10-19T06:07:50.000Z,11/30/2018,"Chief Sales Officer CSO","Chief Sales Officer"
2022-10-19T06:07:50.000Z,11/30/2018,"Chief Financial Officer (CFO)","Chief Financial Officer"
2022-10-19T06:07:50.000Z,11/30/2018,"Chief Technology and Information Officer (CTIO)","Chief Technology and Information Officer"
2022-10-19T06:07:50.000Z,11/30/2018,"Chief Medical Information Officer (CMIO)","Chief Medical Information Officer"
2022-10-19T06:07:50.000Z,11/30/2018,"Chief Technology Officer CTO","Chief Technology Officer"
2022-10-19T06:07:50.000Z,11/30/2018,"Chief Information Security Officer (CISO)","Chief Information Security Officer"
2022-10-19T06:07:50.000Z,11/30/2018,"c.m.i.o.","Chief Medical Information Officer"
2022-10-19T06:07:50.000Z,11/30/2018,"Chief Information Security Officer CISO","Chief Information Security Officer"
2022-10-19T06:07:50.000Z,11/30/2018,"cmo","Chief Marketing Officer"
2022-10-19T06:07:50.000Z,11/30/2018,"Chief Marketing Officer (CMO)","Chief Marketing Officer"
2022-10-19T06:07:50.000Z,11/30/2018,"comm","Communications"
2022-10-19T06:07:50.000Z,11/30/2018,"Chief Marketing Officer CMO","Chief Marketing Officer"
2022-10-19T06:07:50.000Z,11/30/2018,"consulant","Consultant"
2022-10-19T06:07:50.000Z,11/30/2018,"Chief Operating Officer COO","Chief Operating Officer"
2022-10-19T06:07:50.000Z,11/30/2018,"consulent","Consultant"
2022-10-19T06:07:50.000Z,11/30/2018,"Chief Procurement Officer (CPO)","Chief Procurement Officer"
2022-10-19T06:07:50.000Z,11/30/2018,"consultant","Consultant"
2022-10-19T06:07:50.000Z,11/30/2018,"Chief Revenue Officer CRO","Chief Revenue Officer"
2022-10-19T06:07:50.000Z,11/30/2018,"consulting","Consulting"
2022-10-19T06:07:50.000Z,11/30/2018,"Chief Technology and Information Officer CTIO","Chief Technology and Information Officer"
2022-10-19T06:07:50.000Z,11/30/2018,"consutant","Consultant"
2022-10-19T06:07:50.000Z,11/30/2018,"Chief Technology Officer (CTO)","Chief Technology Officer"
2022-10-19T06:07:50.000Z,11/30/2018,"contactor","Contractor"
2022-10-19T06:07:50.000Z,11/30/2018,"cio","Chief Information Officer"
2022-10-19T06:07:50.000Z,11/30/2018,"contractor","Contractor"
2022-10-19T06:07:50.000Z,11/30/2018,"ciso","Chief Information Security Officer"
2022-10-19T06:07:50.000Z,11/30/2018,"contractr","Contractor"
2022-10-19T06:07:50.000Z,11/30/2018,"cmio","Chief Medical Information Officer"
2022-10-19T06:07:50.000Z,11/30/2018,"coo","Chief Operating Officer"
2022-10-19T06:07:50.000Z,11/30/2018,"comm.","Communications"
2022-10-19T06:07:50.000Z,11/30/2018,"coodinater","Coordinator"
2022-10-19T06:07:50.000Z,11/30/2018,"consuling","Consulting"
2022-10-19T06:07:50.000Z,11/30/2018,"coordinater","Coordinator"
2022-10-19T06:07:50.000Z,11/30/2018,"consultent","Consultant"
2022-10-19T06:07:50.000Z,11/30/2018,"cordinater","Coordinator"
2022-10-19T06:07:50.000Z,11/30/2018,"consultng","Consulting"
2022-10-19T06:07:50.000Z,11/30/2018,"cordinator","Coordinator"
2022-10-19T06:07:50.000Z,11/30/2018,"consutent","Consultant"
2022-10-19T06:07:50.000Z,11/30/2018,"corp","Corporate"
2022-10-19T06:07:50.000Z,11/30/2018,"contracter","Contractor"
2022-10-19T06:07:50.000Z,11/30/2018,"corporate","Corporate"
2022-10-19T06:07:50.000Z,11/30/2018,"coodinator","Coordinator"
2022-10-19T06:07:50.000Z,11/30/2018,"cro","Chief Revenue Officer"
2022-10-19T06:07:50.000Z,11/30/2018,"coordinator","Coordinator"
2022-10-19T06:07:50.000Z,11/30/2018,"csr","Customer Service Representative"
2022-10-19T06:07:50.000Z,11/30/2018,"corp.","Corporate"
2022-10-19T06:07:50.000Z,11/30/2018,"CTIO","Chief Technology and Information Officer"
2022-10-19T06:07:50.000Z,11/30/2018,"cosultant","Consultant"
2022-10-19T06:07:50.000Z,11/30/2018,"cto","Chief Technology Officer"
2022-10-19T06:07:50.000Z,11/30/2018,"cosulting","Consulting"
2022-10-19T06:07:50.000Z,11/30/2018,"dba","Database Administrator"
2022-10-19T06:07:50.000Z,11/30/2018,"cotractor","Contractor"
2022-10-19T06:07:50.000Z,11/30/2018,"dept","Department"
2022-10-19T06:07:50.000Z,11/30/2018,"cpa","Certified Public Accountant"
2022-10-19T06:07:50.000Z,11/30/2018,"dept.","Department"
2022-10-19T06:07:50.000Z,11/30/2018,"cpo","Chief Procurement Officer"
2022-10-19T06:07:50.000Z,11/30/2018,"dev","Development"
2022-10-19T06:07:50.000Z,11/30/2018,"csm","Customer Service Manager"
2022-10-19T06:07:50.000Z,11/30/2018,"development","Development"
2022-10-19T06:07:50.000Z,11/30/2018,"cso","Chief Sales Officer"
2022-10-19T06:07:50.000Z,11/30/2018,"DH","Department Head"
2022-10-19T06:07:50.000Z,11/30/2018,"d.m.t.s.","Distinguished Member of Technical Staff"
2022-10-19T06:07:50.000Z,11/30/2018,"dir","Director"
2022-10-19T06:07:50.000Z,11/30/2018,"dev.","Development"
2022-10-19T06:07:50.000Z,11/30/2018,"dir.","Director"
2022-10-19T06:07:50.000Z,11/30/2018,"DGM","Deputy General Manager"
2022-10-19T06:07:50.000Z,11/30/2018,"direc.","Director"
2022-10-19T06:07:50.000Z,11/30/2018,"dir","Director"
2022-10-19T06:07:50.000Z,11/30/2018,"directer","Director"
2022-10-19T06:07:50.000Z,11/30/2018,"dir.","Director"
2022-10-19T06:07:50.000Z,11/30/2018,"director","Director"
2022-10-19T06:07:50.000Z,11/30/2018,"direc","Director"
2022-10-19T06:07:50.000Z,11/30/2018,"director","Director"
2022-10-19T06:07:50.000Z,11/30/2018,"direc","Director"
2022-10-19T06:07:50.000Z,11/30/2018,"direkter","Director"
2022-10-19T06:07:50.000Z,11/30/2018,"direc.","Director"
2022-10-19T06:07:50.000Z,11/30/2018,"doctor","Doctor"
2022-10-19T06:07:50.000Z,11/30/2018,"DMTS","Distinguished Member of Technical Staff"
2022-10-19T06:07:50.000Z,11/30/2018,"dr.","Doctor"
2022-10-19T06:07:50.000Z,11/30/2018,"doc","Doctor"
2022-10-19T06:07:50.000Z,11/30/2018,"DSI","Data System Integration"
2022-10-19T06:07:50.000Z,11/30/2018,"doc.","Doctor"
2022-10-19T06:07:50.000Z,11/30/2018,"e.v.p.","Executive Vice President"
2022-10-19T06:07:50.000Z,11/30/2018,"docter","Doctor"
2022-10-19T06:07:50.000Z,11/30/2018,"egineer","Engineer"
2022-10-19T06:07:50.000Z,11/30/2018,"doctr","Doctor"
2022-10-19T06:07:50.000Z,11/30/2018,"engineeer","Engineer"
2022-10-19T06:07:50.000Z,11/30/2018,"dr","Doctor"
2022-10-19T06:07:50.000Z,11/30/2018,"engineer","Engineer"
2022-10-19T06:07:50.000Z,11/30/2018,"eng","Engineer"
2022-10-19T06:07:50.000Z,11/30/2018,"enginer","Engineer"
2022-10-19T06:07:50.000Z,11/30/2018,"eng.","Engineer"
2022-10-19T06:07:50.000Z,11/30/2018,"enterpris","Enterprise"
2022-10-19T06:07:50.000Z,11/30/2018,"enginr","Engineer"
2022-10-19T06:07:50.000Z,11/30/2018,"evp","Executive Vice President"
2022-10-19T06:07:50.000Z,11/30/2018,"engneer","Engineer"
2022-10-19T06:07:50.000Z,11/30/2018,"ex","Executive"
2022-10-19T06:07:50.000Z,11/30/2018,"engr","Engineer"
2022-10-19T06:07:50.000Z,11/30/2018,"ex.","Executive"
2022-10-19T06:07:50.000Z,11/30/2018,"engr.","Engineer"
2022-10-19T06:07:50.000Z,11/30/2018,"exc.","Executive"
2022-10-19T06:07:50.000Z,11/30/2018,"enterprise","Enterprise"
2022-10-19T06:07:50.000Z,11/30/2018,"exec","Executive"
2022-10-19T06:07:50.000Z,11/30/2018,"eterprise","Enterprise"
2022-10-19T06:07:50.000Z,11/30/2018,"exec.","Executive"
2022-10-19T06:07:50.000Z,11/30/2018,"exc","Executive"
2022-10-19T06:07:50.000Z,11/30/2018,"executive","Executive"
2022-10-19T06:07:50.000Z,11/30/2018,"excutive","Executive"
2022-10-19T06:07:50.000Z,11/30/2018,"forman","Foreman"
2022-10-19T06:07:50.000Z,11/30/2018,"exe","Executive"
2022-10-19T06:07:50.000Z,11/30/2018,"gc","General Counsel"
2022-10-19T06:07:50.000Z,11/30/2018,"exe.","Executive"
2022-10-19T06:07:50.000Z,11/30/2018,"generalmanager","General Manager"
2022-10-19T06:07:50.000Z,11/30/2018,"FAE","Field Application Engineer"
2022-10-19T06:07:50.000Z,11/30/2018,"gm","General Manager"
2022-10-19T06:07:50.000Z,11/30/2018,"foreman","Foreman"
2022-10-19T06:07:50.000Z,11/30/2018,"hr","human resource"
2022-10-19T06:07:50.000Z,11/30/2018,"formen","Foreman"
2022-10-19T06:07:50.000Z,11/30/2018,"human resource","human resource"
2022-10-19T06:07:50.000Z,11/30/2018,"ing","Engineer"
2022-10-19T06:07:50.000Z,11/30/2018,"human resurce","human resource"
2022-10-19T06:07:50.000Z,11/30/2018,"ing.","Engineer"
2022-10-19T06:07:50.000Z,11/30/2018,"investigatr","Investigator"
2022-10-19T06:07:50.000Z,11/30/2018,"invesgator","Investigator"
2022-10-19T06:07:50.000Z,11/30/2018,"is","Information Systems"
2022-10-19T06:07:50.000Z,11/30/2018,"investigater","Investigator"
2022-10-19T06:07:50.000Z,11/30/2018,"it","Information Technology"
2022-10-19T06:07:50.000Z,11/30/2018,"investigator","Investigator"
2022-10-19T06:07:50.000Z,11/30/2018,"ivestigator","Investigator"
2022-10-19T06:07:50.000Z,11/30/2018,"jnr","Junior"
2022-10-19T06:07:50.000Z,11/30/2018,"jnr.","Junior"
2022-10-19T06:07:50.000Z,11/30/2018,"l.m.t.s.","Lead Member of Technical Staff"
2022-10-19T06:07:50.000Z,11/30/2018,"jr","Junior"
2022-10-19T06:07:50.000Z,11/30/2018,"l.m.t.s.","Lead Member of Technical Staff"
2022-10-19T06:07:50.000Z,11/30/2018,"jr.","Junior"
2022-10-19T06:07:50.000Z,11/30/2018,"mamnager","Manager"
2022-10-19T06:07:50.000Z,11/30/2018,"junior","Junior"
2022-10-19T06:07:50.000Z,11/30/2018,"manage","Manager"
2022-10-19T06:07:50.000Z,11/30/2018,"lmts","Lead Member of Technical Staff"
2022-10-19T06:07:50.000Z,11/30/2018,"marketing","Marketing"
2022-10-19T06:07:50.000Z,11/30/2018,"m.t.s.","Member of Technical Staff"
2022-10-19T06:07:50.000Z,11/30/2018,"marketng","Marketing"
2022-10-19T06:07:50.000Z,11/30/2018,"mamager","Manager"
2022-10-19T06:07:50.000Z,11/30/2018,". md",". M.D."
2022-10-19T06:07:50.000Z,11/30/2018,"manager","Manager"
2022-10-19T06:07:50.000Z,11/30/2018,", jd",", J.D."
2022-10-19T06:07:50.000Z,11/30/2018,"manger","Manager"
2022-10-19T06:07:50.000Z,11/30/2018,"mgr.","Manager"
2022-10-19T06:07:50.000Z,11/30/2018,"mannager","Manager"
2022-10-19T06:07:50.000Z,11/30/2018,"MIS","Management Information Systems"
2022-10-19T06:07:50.000Z,11/30/2018,"master","Master"
2022-10-19T06:07:50.000Z,11/30/2018,"mkng","Marketing"
2022-10-19T06:07:50.000Z,11/30/2018,"mastor","Master"
2022-10-19T06:07:50.000Z,11/30/2018,"mkt","Marketing"
2022-10-19T06:07:50.000Z,11/30/2018,"md","Managing Director"
2022-10-19T06:07:50.000Z,11/30/2018,"mkt.","Marketing"
2022-10-19T06:07:50.000Z,11/30/2018,", md",", M.D."
2022-10-19T06:07:50.000Z,11/30/2018,"mnaager","Manager"
2022-10-19T06:07:50.000Z,11/30/2018,". jd",". J.D."
2022-10-19T06:07:50.000Z,11/30/2018,"mnagr","Manager"
2022-10-19T06:07:50.000Z,11/30/2018,"mgr","Manager"
2022-10-19T06:07:50.000Z,11/30/2018,"mngr","Manager"
2022-10-19T06:07:50.000Z,11/30/2018,"mkng.","Marketing"
2022-10-19T06:07:50.000Z,11/30/2018,"mngr.","Manager"
2022-10-19T06:07:50.000Z,11/30/2018,"mster","Master"
2022-10-19T06:07:50.000Z,11/30/2018,"mts","Member of Technical Staff"
2022-10-19T06:07:50.000Z,11/30/2018,"net.","Network"
2022-10-19T06:07:50.000Z,11/30/2018,"net","Network"
2022-10-19T06:07:50.000Z,11/30/2018,"oper.","Operator"
2022-10-19T06:07:50.000Z,11/30/2018,"op","Operations"
2022-10-19T06:07:50.000Z,11/30/2018,"operater","Operator"
2022-10-19T06:07:50.000Z,11/30/2018,"op.","Operations"
2022-10-19T06:07:50.000Z,11/30/2018,"operator","Operator"
2022-10-19T06:07:50.000Z,11/30/2018,"oper","Operator"
2022-10-19T06:07:50.000Z,11/30/2018,"opr.","Operations"
2022-10-19T06:07:50.000Z,11/30/2018,"operations","Operations"
2022-10-19T06:07:50.000Z,11/30/2018,"p.m.t.s.","Principal Member of Technical Staff"
2022-10-19T06:07:50.000Z,11/30/2018,"operatr","Operator"
2022-10-19T06:07:50.000Z,11/30/2018,"pe","Professional Engineer"
2022-10-19T06:07:50.000Z,11/30/2018,"opr","Operations"
2022-10-19T06:07:50.000Z,11/30/2018,"pmts","Principle Member of Technical Staff"
2022-10-19T06:07:50.000Z,11/30/2018,"oprator","Operator"
2022-10-19T06:07:50.000Z,11/30/2018,"pogrammer","Programmer"
2022-10-19T06:07:50.000Z,11/30/2018,"ops","Operations"
2022-10-19T06:07:50.000Z,11/30/2018,"pres","President"
2022-10-19T06:07:50.000Z,11/30/2018,"ops.","Operations"
2022-10-19T06:07:50.000Z,11/30/2018,"pres.","President"
2022-10-19T06:07:50.000Z,11/30/2018,"p.e.","Professional Engineer"
2022-10-19T06:07:50.000Z,11/30/2018,"President And Chief Executive Officer (CEO)","President And Chief Executive Officer"
2022-10-19T06:07:50.000Z,11/30/2018,"PhD","Ph.D."
2022-10-19T06:07:50.000Z,11/30/2018,"Chairwoman And Chief Executive Officer (CEO)","Chairwoman And Chief Executive Officer"
2022-10-19T06:07:50.000Z,11/30/2018,"PLM","Product Line Manager"
2022-10-19T06:07:50.000Z,11/30/2018,"Chairperson And Chief Executive Officer (CEO)","Chairperson And Chief Executive Officer"
2022-10-19T06:07:50.000Z,11/30/2018,"pm","Product Manager"
2022-10-19T06:07:50.000Z,11/30/2018,"pre sale","Pre-sales"
2022-10-19T06:07:50.000Z,11/30/2018,"pmm","Product Marketing Manager"
2022-10-19T06:07:50.000Z,11/30/2018,"post sale","Post-sales"
2022-10-19T06:07:50.000Z,11/30/2018,"pmo","Project Mangement Office"
2022-10-19T06:07:50.000Z,11/30/2018,"post sales","Post-sales"
2022-10-19T06:07:50.000Z,11/30/2018,"pmp","Project Management Professional"
2022-10-19T06:07:50.000Z,11/30/2018,"post-sale","Post-sales"
2022-10-19T06:07:50.000Z,11/30/2018,"pogramer","Programmer"
2022-10-19T06:07:50.000Z,11/30/2018,"prject","Project"
2022-10-19T06:07:50.000Z,11/30/2018,"Chairman And Chief Executive Officer (CEO)","Chairman And Chief Executive Officer"
2022-10-19T06:07:50.000Z,11/30/2018,"prof eng","Professional Engineer"
2022-10-19T06:07:50.000Z,11/30/2018,"President & Chief Executive Officer (CEO)","President And Chief Executive Officer"
2022-10-19T06:07:50.000Z,11/30/2018,"prof engr","Professional Engineer"
2022-10-19T06:07:50.000Z,11/30/2018,"Chairman & Chief Executive Officer (CEO)","Chairman And Chief Executive Officer"
2022-10-19T06:07:50.000Z,11/30/2018,"prof engr.","Professional Engineer"
2022-10-19T06:07:50.000Z,11/30/2018,"Chairwoman & Chief Executive Officer (CEO)","Chairman And Chief Executive Officer"
2022-10-19T06:07:50.000Z,11/30/2018,"prof. eng.","Professional Engineer"
2022-10-19T06:07:50.000Z,11/30/2018,"Chairperson & Chief Executive Officer (CEO)","Chairman And Chief Executive Officer"
2022-10-19T06:07:50.000Z,11/30/2018,"progammer","Programmer"
2022-10-19T06:07:50.000Z,11/30/2018,"presale","Pre-sales"
2022-10-19T06:07:50.000Z,11/30/2018,"programmar","Programmer"
2022-10-19T06:07:50.000Z,11/30/2018,"presales","Pre-sales"
2022-10-19T06:07:50.000Z,11/30/2018,"programmer","Programmer"
2022-10-19T06:07:50.000Z,11/30/2018,"pre-sales","Pre-sales"
2022-10-19T06:07:50.000Z,11/30/2018,"proj.","Project"
2022-10-19T06:07:50.000Z,11/30/2018,"pre sales","Pre-sales"
2022-10-19T06:07:50.000Z,11/30/2018,"projact","Project"
2022-10-19T06:07:50.000Z,11/30/2018,"pre-sale","Pre-sales"
2022-10-19T06:07:50.000Z,11/30/2018,"project","Project"
2022-10-19T06:07:50.000Z,11/30/2018,"postsale","Post-sales"
2022-10-19T06:07:50.000Z,11/30/2018,"rep.","Representative"
2022-10-19T06:07:50.000Z,11/30/2018,"postsales","Post-sales"
2022-10-19T06:07:50.000Z,11/30/2018,"representative","Representative"
2022-10-19T06:07:50.000Z,11/30/2018,"post-sales","Post-sales"
2022-10-19T06:07:50.000Z,11/30/2018,"salesperson","Sales Person"
2022-10-19T06:07:50.000Z,11/30/2018,"programer","Programmer"
2022-10-19T06:07:50.000Z,11/30/2018,"saleperson","Sales Person"
2022-10-19T06:07:50.000Z,11/30/2018,"proj","Project"
2022-10-19T06:07:50.000Z,11/30/2018,"s.v.p.","Senior Vice President"
2022-10-19T06:07:50.000Z,11/30/2018,"rep","Representative"
2022-10-19T06:07:50.000Z,11/30/2018,"scm","Supply Chain Management"
2022-10-19T06:07:50.000Z,11/30/2018,"representativ","Representative"
2022-10-19T06:07:50.000Z,11/30/2018,"se","Sales Engineer"
2022-10-19T06:07:50.000Z,11/30/2018,"representive","Representative"
2022-10-19T06:07:50.000Z,11/30/2018,"sec.","Security"
2022-10-19T06:07:50.000Z,11/30/2018,"s.e.v.p.","Senior Executive Vice President"
2022-10-19T06:07:50.000Z,11/30/2018,"senr","Senior"
2022-10-19T06:07:50.000Z,11/30/2018,"s.m.t.s.","Senior Member of Technical Staff"
2022-10-19T06:07:50.000Z,11/30/2018,"sevp","Senior Executive Vice President"
2022-10-19T06:07:50.000Z,11/30/2018,"sdr","Sales Development Representative"
2022-10-19T06:07:50.000Z,11/30/2018,"spec","Specialist"
2022-10-19T06:07:50.000Z,11/30/2018,"sec","Security"
2022-10-19T06:07:50.000Z,11/30/2018,"specialist","Specialist"
2022-10-19T06:07:50.000Z,11/30/2018,"senior","Senior"
2022-10-19T06:07:50.000Z,11/30/2018,"sr","Senior"
2022-10-19T06:07:50.000Z,11/30/2018,"senr.","Senior"
2022-10-19T06:07:50.000Z,11/30/2018,"sr.","Senior"
2022-10-19T06:07:50.000Z,11/30/2018,"sme","Subject Matter Expert"
2022-10-19T06:07:50.000Z,11/30/2018,"syst","System"
2022-10-19T06:07:50.000Z,11/30/2018,"smts","Senior Member of Technical Staff"
2022-10-19T06:07:50.000Z,11/30/2018,"syst.","System"
2022-10-19T06:07:50.000Z,11/30/2018,"spec.","Specialist"
2022-10-19T06:07:50.000Z,11/30/2018,"technian","Technician"
2022-10-19T06:07:50.000Z,11/30/2018,"SSE","Senior Software/System Engineer"
2022-10-19T06:07:50.000Z,11/30/2018,"technician","Technician"
2022-10-19T06:07:50.000Z,11/30/2018,"svp","Senior Vice President"
2022-10-19T06:07:50.000Z,11/30/2018,"technicin","Technician"
2022-10-19T06:07:50.000Z,11/30/2018,"sys","System"
2022-10-19T06:07:50.000Z,11/30/2018,"technlogist","Technologist"
2022-10-19T06:07:50.000Z,11/30/2018,"sys.","System"
2022-10-19T06:07:50.000Z,11/30/2018,"technologist","Technologist"
2022-10-19T06:07:50.000Z,11/30/2018,"tachnician","Technician"
2022-10-19T06:07:50.000Z,11/30/2018,"teknician","Technician"
2022-10-19T06:07:50.000Z,11/30/2018,"techlgy","Technology"
2022-10-19T06:07:50.000Z,11/30/2018,"v-p","Vice President"
2022-10-19T06:07:50.000Z,11/30/2018,"technican","Technician"
2022-10-19T06:07:50.000Z,11/30/2018,"v.p.","Vice President"
2022-10-19T06:07:50.000Z,11/30/2018,"technican","Technician"
2022-10-19T06:07:50.000Z,11/30/2018,"vice presidant","Vice President"
2022-10-19T06:07:50.000Z,11/30/2018,"technlogist","Technologist"
2022-10-19T06:07:50.000Z,11/30/2018,"vice presidnt","Vice President"
2022-10-19T06:07:50.000Z,11/30/2018,"teknologist","Technologist"
2022-10-19T06:07:50.000Z,11/30/2018,"vice prsident","Vice President"
2022-10-19T06:07:50.000Z,11/30/2018,"VGM","Vice General Manager"
2022-10-19T06:07:50.000Z,11/30/2018,"vicepresident","Vice President"
2022-10-19T06:07:50.000Z,11/30/2018,"vice pres","Vice President"
2022-10-19T06:07:50.000Z,11/30/2018,"vice pres.","Vice President"
2022-10-19T06:07:50.000Z,11/30/2018,"vice president","Vice President"
2022-10-19T06:07:50.000Z,11/30/2018,"vp","Vice President"
2022-10-19T06:07:50.000Z,11/30/2018,"Executive Vice President And Chief Financial Officer (CFO)","Executive Vice President And Chief Financial Officer"
2022-10-19T06:07:50.000Z,11/30/2018,"Executive Vice President & Chief Financial Officer (CFO)","Executive Vice President And Chief Financial Officer"
